<?xml version="1.0" encoding="UTF-8" ?>
<!DOCTYPE mapper PUBLIC "-//mybatis.org//DTD Mapper 3.0//EN"
        "http://mybatis.org/dtd/mybatis-3-mapper.dtd">

<mapper namespace="com.fastcampus.ch4.dao.BoardMapper">

    <select id="select" parameterType="int" resultType="BoardDto">
    select bno,
           title,
           content,
           writer,
           view_cnt,
           comment_cnt,
           reg_date,
           up_date
    from board
    where bno= #{bno}
    </select>

    <select id="count" resultType="int">
        SELECT count(*) FROM board
    </select>

    <insert id="insert" parameterType="BoardDto">
        INSERT INTO board
            (title, content, writer)
        VALUES
            (#{title}, #{content}, #{writer})
    </insert>

    <update id="update" parameterType="BoardDto">
        UPDATE board
        SET   title = #{title}
          , content = #{content}
          , up_date = now()
        WHERE bno = #{bno}
    </update>


    <delete id="deleteForAdmin">
        DELETE FROM board WHERE bno = #{bno}
    </delete>

    <delete id="delete" parameterType="map">
        DELETE FROM board WHERE bno = #{bno} and writer = #{writer}
    </delete>


    <select id="selectAll" resultType="BoardDto">
        SELECT bno, title, content, writer, view_cnt, comment_cnt, reg_date
        FROM board
        ORDER BY reg_date DESC, bno DESC
    </select>

<!--
    <select id="selectPage" parameterType="map" resultType="BoardDto">
        SELECT bno, title, content, writer, view_cnt, comment_cnt, reg_date
        FROM board
        ORDER BY reg_date DESC, bno DESC
        LIMIT #{offset}, #{pageSize}
    </select>
-->

    <sql id="selectFromBoard">
        SELECT bno, title, content, writer, view_cnt, comment_cnt, reg_date
        FROM board
    </sql>


    <select id="selectPage" parameterType="map" resultType="BoardDto">
        <include refid="selectFromBoard"/>
        ORDER BY reg_date DESC, bno DESC
        LIMIT #{offset}, #{pageSize}
    </select>


    <update id="updateCommentCnt" parameterType="map">
        UPDATE board
        SET   comment_cnt = comment_cnt + #{cnt}
        WHERE bno = #{bno}
    </update>

    <update id="increaseViewCnt" parameterType="int">
        UPDATE board
        SET   view_cnt = view_cnt + 1
        WHERE bno = #{bno}
    </update>


    <delete id="deleteAll">
        DELETE FROM board
    </delete>



</mapper>